{
  "checkpoint": 20,
  "metrics": {
    "totalUsers": 40000,
    "successfulRegistrations": 6113,
    "successfulAssessments": 6109,
    "successfulAIInteractions": 36380,
    "errors": [],
    "responseTimes": [
      1789,
      1789,
      2072,
      2144,
      2185,
      2473,
      2673,
      2756,
      2731,
      2737,
      2817,
      2821,
      2863,
      2869,
      2974,
      3032,
      3040,
      3028,
      3040,
      3111,
      3111,
      3111,
      3111,
      3272,
      3423,
      3455,
      3529,
      3514,
      3512,
      3614,
      3681,
      3775,
      3772,
      3800,
      3884,
      3749,
      3871,
      3953,
      3949,
      3944,
      4006,
      4002,
      4167,
      4147,
      4238,
      4240,
      4344,
      4401,
      4391,
      4445,
      4446,
      4565,
      4650,
      4723,
      4779,
      1995,
      1883,
      4674,
      2052,
      4728,
      4919,
      4918,
      4908,
      4978,
      4986,
      4984,
      4969,
      5036,
      5039,
      5111,
      5104,
      5089,
      5083,
      5043,
      2258,
      5202,
      5222,
      5168,
      5279,
      5333,
      5331,
      5275,
      5435,
      5319,
      2533,
      5425,
      5477,
      5412,
      2639,
      5541,
      5532,
      5536,
      5466,
      5466,
      5615,
      5637,
      5531,
      5714,
      5576,
      5844,
      5731,
      5909,
      5819,
      5869,
      6016,
      5865,
      6048,
      6027,
      6126,
      6020,
      6204,
      6187,
      3983,
      6129,
      6164,
      6175,
      6260,
      6259,
      6417,
      6417,
      6290,
      6351,
      6435,
      6477,
      6484,
      3881,
      4579,
      6593,
      6646,
      4924,
      6646,
      6750,
      6779,
      6928,
      6946,
      7200,
      7053,
      7111,
      7105,
      7147,
      7225,
      7273,
      7406,
      7495,
      7400,
      4849,
      7427,
      7429,
      7469,
      7484,
      5399,
      7538,
      7526,
      7613,
      7706,
      7706,
      7715,
      7732,
      7781,
      7936,
      7784,
      5377,
      7950,
      7897,
      7890,
      7937,
      7958,
      8078,
      7943,
      8052,
      8246,
      8141,
      8124,
      8167,
      8278,
      8478,
      8309,
      8391,
      8387,
      8451,
      8506,
      8691,
      8701,
      8731,
      8795,
      8793,
      8795,
      8829,
      8715,
      7142,
      8880,
      8924,
      8824,
      8940,
      8839,
      8940,
      8938,
      9127,
      8983,
      8983,
      9032,
      9224,
      9099,
      9095,
      9168,
      9303,
      9366,
      9291,
      9433,
      9416,
      9296,
      9445,
      9447,
      9451,
      9330,
      9517,
      9394,
      9466,
      9607,
      9492,
      9519,
      9668,
      9685,
      9557,
      9583,
      9612,
      9744,
      9620,
      9641,
      9643,
      9700,
      9850,
      9728,
      9761,
      9756,
      9853,
      9841,
      10045,
      9984,
      10025,
      10079,
      10250,
      10230,
      10132,
      10193,
      10193,
      10188,
      10210,
      10354,
      10250,
      10260,
      10316,
      10330,
      10352,
      10348,
      10500,
      10493,
      10385,
      10537,
      10696,
      10568,
      10661,
      10666,
      10682,
      10742,
      10764,
      10761,
      10787,
      10809,
      10821,
      10872,
      10875,
      10881,
      10898,
      10897,
      10931,
      10949,
      11102,
      11073,
      11128,
      11134,
      11177,
      11212,
      11210,
      11228,
      11321,
      9899,
      9624,
      9833,
      10335,
      10167,
      10396,
      9872,
      10293,
      9977,
      9987,
      10427,
      10147,
      10447,
      10380,
      10412,
      10436,
      10582,
      10475,
      10505,
      10798,
      736,
      1211,
      1215,
      1325,
      1331,
      1647,
      1652,
      1650,
      1676,
      1753,
      1819,
      1821,
      2144,
      2144,
      2149,
      2166,
      2196,
      2216,
      2217,
      2228,
      1070,
      2430,
      2431,
      2430,
      2433,
      2451,
      2508,
      2559,
      2564,
      2723,
      2728,
      2769,
      2820,
      2925,
      2935,
      3022,
      3026,
      3075,
      886,
      3100,
      3104,
      3104,
      3149,
      1525,
      3251,
      3286,
      3281,
      3283,
      3323,
      3319,
      3325,
      3407,
      3436,
      1604,
      3499,
      3498,
      3499,
      3541,
      3545,
      3659,
      3657,
      3661,
      3687,
      3686,
      2053,
      3776,
      2559,
      1625,
      2101,
      3839,
      3840,
      3865,
      3925,
      2582,
      3940,
      3936,
      3939,
      2705,
      2124,
      4052,
      1741,
      4070,
      4072,
      1874,
      4088,
      4142,
      4141,
      2443,
      4168,
      4179,
      4178,
      2403,
      1939,
      4278,
      2121,
      4359,
      4386,
      4421,
      2123,
      4439,
      3688,
      4470,
      4470,
      4552,
      4550,
      4559,
      4583,
      4600,
      2418,
      5543,
      5485,
      5666,
      5784,
      5804,
      5822,
      5843,
      5845,
      5924,
      5952,
      6139,
      6138,
      6072,
      6124,
      6446,
      6380,
      6385,
      6491,
      6520,
      6583,
      6649,
      6641,
      6676,
      6672,
      6732,
      6734,
      6799,
      6843,
      6837,
      6941,
      6970,
      7034,
      7030,
      7070,
      7068,
      7274,
      7222,
      7413,
      7301,
      7334,
      7483,
      7382,
      7434,
      7433,
      7521,
      7560,
      7560,
      7626,
      7769,
      7804,
      7801,
      7806,
      7914,
      7955,
      7993,
      8060,
      8123,
      8204,
      8357,
      8442,
      8496,
      8539,
      8659,
      8668,
      8676,
      8670,
      8825,
      8938,
      8942,
      8936,
      8987,
      8987,
      9098,
      9172,
      9236,
      9343,
      9339,
      9452,
      9504,
      9584,
      9457,
      9580,
      9576,
      9597,
      9470,
      9469,
      9474,
      9616,
      9676,
      9664,
      9789,
      9787,
      9790,
      9840,
      9838,
      9889,
      9920,
      9798,
      9966,
      9841,
      10072,
      10076,
      9974,
      10093,
      9973,
      10094,
      10033,
      10036,
      10197,
      10155,
      10183,
      10303,
      10329,
      10328,
      10340,
      10280,
      10411,
      10411,
      10314,
      10383,
      10383,
      10425,
      10434,
      10597,
      10487,
      10705,
      10579,
      10703,
      10665,
      10664,
      10813,
      10703,
      10759,
      10915,
      10801,
      10818,
      10902,
      10958,
      11112,
      11001,
      11037,
      11065,
      11069,
      11075,
      11099,
      11277,
      11158,
      11393,
      11275,
      11277,
      11409,
      11422,
      11645,
      9686,
      11663,
      10122,
      10396,
      10172,
      9920,
      10025,
      10636,
      10702,
      10293,
      10309,
      10553,
      12047,
      10708,
      10410,
      10086,
      10117,
      10624,
      10194,
      10259,
      10292,
      10627,
      10278,
      10410,
      10764,
      10464,
      10551,
      1035,
      1272,
      1292,
      1569,
      1630,
      1665,
      1565,
      1681,
      1684,
      1691,
      1680,
      1731,
      1802,
      1837,
      1961,
      1964,
      2041,
      2034,
      2044,
      2076,
      2080,
      2125,
      2126,
      2145,
      2157,
      2146,
      2154,
      2360,
      2361,
      2348,
      2422,
      2418,
      2544,
      2541,
      2648,
      2767,
      2833,
      2835,
      2883,
      2889,
      2889,
      3032,
      3107,
      3000,
      3119,
      3172,
      1840,
      1064,
      3260,
      1225,
      3328,
      3374,
      3391,
      3425,
      3438,
      3374,
      3485,
      1796,
      3533,
      1844,
      3545,
      3585,
      3585,
      3586,
      3657,
      3750,
      3810,
      3803,
      3812,
      3805,
      3857,
      3847,
      3861,
      3859,
      3922,
      3975,
      3966,
      2163,
      4035,
      4035,
      3918,
      4078,
      2034,
      4079,
      4093,
      3999,
      4113,
      1982,
      2448,
      4032,
      4105,
      2525,
      2211,
      4140,
      4246,
      2558,
      2099,
      2105,
      3176,
      4343,
      4403,
      2401,
      4438,
      2280,
      4460,
      2425,
      4462,
      2352,
      2731,
      4546,
      4569,
      2869,
      4599,
      2555,
      4636,
      4677,
      4689,
      4773,
      4785,
      4871,
      4870,
      4875,
      3320,
      4899,
      4939,
      4982,
      4983,
      4955,
      5087,
      5178,
      5167,
      5283,
      5325,
      5328,
      3997,
      3172,
      5253,
      3678,
      5421,
      3342,
      6310,
      6401,
      6450,
      6503,
      6507,
      6546,
      6615,
      6666,
      6708,
      6781,
      6780,
      6817,
      6979,
      7035,
      7040,
      7077,
      7155,
      7188,
      7272,
      7300,
      7303,
      7390,
      7447,
      7627,
      7670,
      7783,
      7819,
      7862,
      7865,
      7890,
      7963,
      7968,
      8004,
      8005,
      8069,
      8103,
      8133,
      8133,
      8137,
      8177,
      8259,
      8298,
      8324,
      8323,
      8389,
      8396,
      8400,
      8447,
      8519,
      8612,
      8612,
      8643,
      8677,
      8793,
      8783,
      8857,
      8888,
      8977,
      8988,
      9022,
      9016,
      9047,
      9052,
      9052,
      9048,
      9078,
      9166,
      8912,
      8979,
      8884,
      9286,
      9060,
      9353,
      9415,
      8063,
      7766,
      7734,
      9576,
      9612,
      9609,
      9637,
      9678,
      9680,
      9711,
      9735,
      9731,
      9767,
      8346,
      9934,
      8419,
      8235,
      10122,
      8647,
      9200,
      9950,
      10110,
      8804,
      9934,
      9492,
      10414,
      8881,
      9953,
      8682,
      10150,
      9455,
      10219,
      9486,
      9087,
      9808,
      9608,
      9834,
      10374,
      9869,
      10741,
      9666,
      9411,
      10268,
      9723,
      11102,
      9517,
      9879,
      11132,
      10922,
      10072,
      11203,
      10646,
      9287,
      9892,
      9780,
      9897,
      10041,
      9804,
      9854,
      10891,
      10883,
      11250,
      10622,
      10198,
      10623,
      10409,
      10264,
      10035,
      10284,
      10525,
      10898,
      10675,
      11710,
      11082,
      10152,
      10326,
      11816,
      10551,
      9963,
      10568,
      10624,
      10973,
      10612,
      10442,
      10345,
      10396,
      10438,
      10444,
      10466,
      10920,
      11396,
      11214,
      10569,
      10681,
      10794,
      10859,
      11115,
      11117,
      10673,
      10707,
      10929,
      10699,
      10942,
      11085,
      11792,
      11369,
      10958,
      11077,
      1236,
      1245,
      1328,
      1540,
      1615,
      1616,
      1618,
      1622,
      1693,
      1695,
      1696,
      1709,
      1734,
      1799,
      1885,
      1789,
      1941,
      1946,
      2005,
      2012,
      2228,
      2362,
      2262,
      2370,
      2393,
      2439,
      2638,
      2639,
      2752,
      2754,
      2867,
      2867,
      2922,
      2987,
      2884,
      2928,
      3032,
      3145,
      3146,
      3145,
      1406,
      3205,
      3206,
      3143,
      3247,
      3146,
      3250,
      3291,
      3292,
      3294,
      3233,
      3334,
      3335,
      3385,
      1701,
      3444,
      3344,
      1850,
      3380,
      3482,
      3529,
      3533,
      3534,
      3578,
      3476,
      3578,
      3624,
      3621,
      3629,
      3661,
      1596,
      3735,
      3768,
      3768,
      3845,
      3844,
      3870,
      3870,
      3871,
      2162,
      3906,
      3831,
      3936,
      2409,
      4062,
      2448,
      4105,
      2739,
      4152,
      4176,
      2206,
      4177,
      4211,
      4261,
      2327,
      2762,
      4394,
      2701,
      4489,
      4487,
      4508,
      4525,
      2783,
      4545,
      4442,
      2576,
      3299,
      4490,
      2655,
      2611,
      4729,
      4730,
      3098,
      4740,
      4790,
      4799,
      4833,
      4842,
      4848,
      4852,
      4854,
      4830,
      4966,
      4973,
      5002,
      5008,
      3153,
      5037,
      6177,
      6410,
      6531,
      6603,
      6625,
      6704,
      6706,
      6704,
      6793,
      6820,
      6842,
      6843,
      6850,
      6867,
      6917,
      6938,
      7001,
      7001,
      6246,
      7081,
      7139,
      7145,
      6963,
      7207,
      7243,
      7296,
      7119,
      6072,
      7521,
      7597,
      6096,
      7647,
      7679,
      7226,
      7710,
      7711,
      7737,
      6929,
      6726,
      6693,
      6588,
      7898,
      7898,
      6638,
      6089,
      6893,
      7953,
      7118,
      7988,
      6790,
      8092,
      7522,
      8041,
      7436,
      7804,
      8320,
      8402,
      8277,
      8434,
      8089,
      6811,
      7870,
      7299,
      6528,
      6773,
      8394,
      7482,
      6973,
      8528,
      6929,
      7065,
      7802,
      7491,
      8196,
      7857,
      7323,
      7212,
      8289,
      6917,
      7989,
      8027,
      8061,
      8677,
      7426,
      8852,
      8800,
      9170,
      9189,
      7792,
      7280,
      8615,
      8879,
      8081,
      7857,
      8232,
      8133,
      8480,
      8827,
      9022,
      8364,
      8016,
      8830,
      8843,
      8040,
      9058,
      8183,
      8667,
      8467,
      9915,
      8756,
      8337,
      8251,
      8527,
      8419,
      9061,
      9093,
      8445,
      9423,
      8657,
      8767,
      8980,
      10380,
      9045,
      9373,
      9284,
      8872,
      8878,
      9478,
      9049,
      9080,
      9240,
      11161,
      9637,
      9384,
      9669,
      9662,
      11378,
      9395,
      9745,
      9407,
      9991,
      10011,
      9552,
      9479,
      10293,
      9545,
      10074,
      9626,
      9782,
      9932,
      10382,
      11098,
      10021,
      10016,
      9909,
      10042,
      10298,
      10190,
      10138,
      11423,
      10193,
      10683,
      10377,
      10484,
      10165,
      10158,
      10278,
      10301,
      10339,
      11293,
      10256,
      11628,
      10278,
      10501,
      10423,
      10765,
      10556,
      10431,
      10367,
      10519,
      10565,
      10682,
      10574,
      11730,
      10355,
      10865,
      10691,
      10693,
      10812,
      10846,
      10847,
      10985,
      10886,
      11766,
      10968,
      10852,
      10866,
      11386,
      11043,
      11074,
      11376,
      11163,
      11196,
      11226,
      11196,
      13785,
      16001,
      16018,
      16077,
      890,
      940,
      1000,
      1109,
      1110,
      1347,
      1349,
      1348,
      1451,
      1518,
      1624,
      1664,
      1733,
      1798,
      1803,
      1899,
      1904,
      1934,
      2063,
      2174,
      2241,
      2243,
      2244,
      2396,
      2396,
      2628,
      2684,
      2930,
      2993,
      3157,
      3236,
      3260,
      3272,
      3302,
      1545,
      3396,
      1198,
      1728,
      3796,
      3843,
      1584,
      3848,
      3852,
      1776,
      3931,
      3945,
      2421,
      3954,
      4090,
      4096,
      4232,
      4227,
      4235,
      4273,
      4275,
      3310,
      4388,
      4389,
      4444,
      3059,
      4509,
      4508,
      2984,
      4586,
      4595,
      4666,
      3021,
      2722,
      4879,
      4888,
      4893,
      2651,
      4917,
      4912,
      3570,
      5057,
      5056,
      5107,
      3218,
      5216,
      5215,
      5225,
      5226,
      5286,
      5307,
      5321,
      5414,
      5423,
      5431,
      5515,
      5514,
      5587,
      5507,
      5570,
      5571,
      5722,
      5770,
      4059,
      5817,
      5823,
      4952,
      5889,
      6105,
      6165,
      6206,
      6210,
      6253,
      6252,
      6244,
      4889,
      6307,
      6390,
      6396,
      6494,
      4659,
      6580,
      6498,
      6504,
      4675,
      6635,
      6801,
      6722,
      6723,
      6808,
      6893,
      4750,
      6912,
      7127,
      7291,
      6427,
      7249,
      7364,
      7286,
      7310,
      7352,
      7354,
      7388,
      7514,
      7391,
      7467,
      7471,
      7464,
      7535,
      7578,
      7602,
      7653,
      7650,
      7680,
      7807,
      7681,
      7728,
      6722,
      6765,
      7837,
      7869,
      7871,
      7992,
      5761,
      7940,
      8008,
      8050,
      8082,
      8146,
      8151,
      5937,
      8239,
      8434,
      8302,
      8335,
      8338,
      8385,
      8480,
      8470,
      8547,
      8589,
      8620,
      8722,
      8721,
      8836,
      8905,
      8947,
      8970,
      8998,
      9003,
      9013,
      9001,
      9054,
      9073,
      9079,
      9080,
      9193,
      9188,
      9340,
      9452,
      9483,
      9373,
      9514,
      9511,
      9406,
      9549,
      9554,
      9435,
      9614,
      9643,
      9646,
      9648,
      9689,
      9726,
      9610,
      9648,
      9706,
      9859,
      9892,
      9910,
      10134,
      10143,
      10064,
      10214,
      10085,
      10087,
      10181,
      10304,
      10249,
      10401,
      10424,
      10446,
      10329,
      10483,
      10520,
      10521,
      10555,
      10609,
      10738,
      10647,
      10694,
      10696,
      10804,
      10835,
      10974,
      10860,
      10981,
      10858,
      10914,
      10950,
      10949,
      10966,
      11102,
      10999,
      11000,
      11124,
      11079,
      11127,
      11191,
      11190,
      11334,
      11349,
      11379,
      11258,
      11259,
      11402,
      11433,
      11437,
      11327,
      11380,
      11385,
      11482,
      11545,
      11548,
      11619,
      1023,
      1200,
      1229,
      1303,
      1310,
      1360,
      1564,
      1567,
      1569,
      1631,
      1633,
      1635,
      1672,
      1736,
      1833,
      1869,
      1876,
      1931,
      1942,
      1941,
      1944,
      1991,
      2044,
      2044,
      2046,
      2174,
      2229,
      2294,
      2342,
      2415,
      2484,
      2484,
      2485,
      2486,
      2539,
      2542,
      2543,
      2611,
      2609,
      2676,
      2673,
      2749,
      2779,
      2778,
      1385,
      2784,
      2895,
      1157,
      2950,
      2950,
      2950,
      2949,
      2952,
      3030,
      1981,
      1768,
      3068,
      1794,
      3069,
      1188,
      1189,
      3070,
      3073,
      841,
      3126,
      1483,
      3235,
      3237,
      3236,
      3240,
      1195,
      1360,
      1360,
      3364,
      1392,
      3446,
      3474,
      1414,
      3538,
      1929,
      3571,
      3630,
      3633,
      1992,
      3635,
      1899,
      3659,
      3663,
      3695,
      1698,
      3755,
      3779,
      3781,
      3812,
      1955,
      2216,
      3859,
      3860,
      3860,
      3880,
      3926,
      3926,
      3948,
      1986,
      2637,
      4031,
      4072,
      4071,
      4116,
      4114,
      4135,
      4150,
      4150,
      4152,
      4263,
      4288,
      4312,
      2077,
      4318,
      4352,
      4461,
      4471,
      4534,
      4542,
      2970,
      2510,
      3261,
      3080,
      5715,
      5730,
      5819,
      5841,
      5855,
      5897,
      5922,
      5998,
      6063,
      6063,
      6101,
      6125,
      6154,
      6155,
      6245,
      6438,
      6603,
      6630,
      6635,
      6637,
      6894,
      7012,
      7050,
      7047,
      7097,
      7200,
      7241,
      7289,
      7290,
      7354,
      7351,
      7424,
      7430,
      7498,
      7576,
      7630,
      7669,
      7693,
      7796,
      7802,
      7799,
      7836,
      7914,
      8012,
      8011,
      8040,
      8162,
      8167,
      8212,
      8217,
      8216,
      8325,
      8367,
      8370,
      8392,
      8461,
      8514,
      8563,
      8580,
      8616,
      8646,
      8603,
      8809,
      8815,
      8846,
      8848,
      8849,
      8708,
      8952,
      9003,
      9018,
      9017,
      9071,
      9046,
      9192,
      9224,
      9086,
      9169,
      9314,
      9426,
      9482,
      9488,
      9538,
      9538,
      9721,
      9584,
      9640,
      9817,
      9870,
      9867,
      9722,
      9771,
      9830,
      9903,
      9902,
      9905,
      9618,
      10108,
      10111,
      9986,
      9077,
      10176,
      9603,
      10144,
      10289,
      10288,
      10291,
      10151,
      10179,
      10368,
      10367,
      10403,
      10452,
      10453,
      10524,
      10092,
      9476,
      9701,
      10876,
      10827,
      10824,
      10888,
      9015,
      10932,
      10134,
      9929,
      11090,
      11115,
      10570,
      9273,
      11033,
      10067,
      9523,
      11248,
      9727,
      10103,
      11140,
      10824,
      11341,
      9359,
      10614,
      9483,
      11516,
      10491,
      10083,
      10085,
      10395,
      10520,
      11672,
      10189,
      10187,
      10539,
      11962,
      11617,
      10332,
      10394,
      11764,
      10897,
      11097,
      12251,
      10128,
      10723,
      10130,
      10608,
      11211,
      12264,
      11231,
      10645,
      10715,
      10889,
      10803,
      11065,
      12117,
      11013,
      12191,
      11050,
      11588,
      1153,
      1433,
      1486,
      1834,
      1954,
      1989,
      2099,
      2107,
      2170,
      2171,
      2171,
      2272,
      2280,
      2401,
      2401,
      2408,
      2458,
      2521,
      2532,
      2717,
      2749,
      2854,
      2854,
      2948,
      2970,
      3017,
      2912,
      3082,
      3136,
      3284,
      3290,
      3341,
      1392,
      3343,
      3392,
      3394,
      3515,
      3518,
      3577,
      3578,
      3578,
      3537,
      3642,
      3643,
      3646,
      3688,
      1390,
      3738,
      3739,
      3739,
      3742,
      1326,
      3790,
      3790,
      3746,
      3745,
      3849,
      3854,
      3898,
      3899,
      3896,
      1713,
      3909,
      3950,
      3950,
      3950,
      3955,
      3986,
      3883,
      4040,
      3973,
      4123,
      4124,
      4127,
      4156,
      1975,
      4160,
      4188,
      4087,
      4259,
      4288,
      2451,
      4288,
      4291,
      4325,
      4350,
      4348,
      4409,
      4412,
      4490,
      4458,
      4513,
      4646,
      4664,
      4591,
      3123,
      2383,
      4821,
      2669,
      4855,
      4945,
      4944,
      4948,
      4859,
      4984,
      4983,
      4892,
      2829,
      5019,
      2962,
      4928,
      5030,
      2755,
      5052,
      5061,
      5094,
      2679,
      5118,
      5164,
      5258,
      5312,
      5316,
      3183,
      5416,
      4270,
      5461,
      5474,
      5475,
      5513,
      5602,
      4069,
      6593,
      6631,
      6737,
      6802,
      6823,
      6879,
      7055,
      7120,
      7268,
      7320,
      7417,
      7498,
      7649,
      7712,
      7744,
      7796,
      7795,
      7797,
      7867,
      7864,
      7883,
      7993,
      7991,
      7987,
      7997,
      8012,
      8011,
      8008,
      8071,
      8071,
      8153,
      8151,
      8220,
      8250,
      8285,
      8390,
      8425,
      8195,
      8443,
      8521,
      8516,
      8566,
      8634,
      8636,
      7462,
      8670,
      8352,
      8746,
      8745,
      6703,
      8838,
      7300,
      8191,
      8911,
      8965,
      8968,
      8970,
      8979,
      6799,
      9041,
      9063,
      8948,
      7172,
      7066,
      9181,
      8767,
      9266,
      9325,
      9384,
      8596,
      9419,
      9298,
      8236,
      7802,
      9624,
      7804,
      8980,
      9506,
      8490,
      7940,
      8634,
      9569,
      8889,
      10028,
      8105,
      8772,
      8108,
      9636,
      9640,
      9889,
      9657,
      9391,
      8266,
      10268,
      9858,
      8383,
      9272,
      8139,
      9988,
      10254,
      8822,
      9521,
      8505,
      9454,
      9848,
      10120,
      10119,
      9555,
      10501,
      9936,
      10798,
      9859,
      10502,
      9920,
      10432,
      9176,
      9585,
      9473,
      9277,
      10093,
      9313,
      9111,
      10518,
      9444,
      9328,
      9445,
      10938,
      10625,
      9371,
      10567,
      9605,
      10300,
      9582,
      9697,
      9486,
      9603,
      10897,
      9656,
      9462,
      10469,
      10512,
      9728,
      9938,
      9737,
      9797,
      11132,
      10401,
      10062,
      9988,
      10220,
      10386,
      10373,
      11430,
      11485,
      10337,
      10142,
      10184,
      10429,
      10319,
      11694,
      10218,
      10348,
      10564,
      10586,
      10604,
      10487,
      10457,
      10608,
      10508,
      10519,
      10803,
      10575,
      10799,
      10817,
      10870,
      10881,
      10997,
      10783,
      10730,
      10877,
      10834,
      11431,
      10870,
      11219,
      10994,
      10899,
      10916,
      11159,
      10959,
      11308,
      10985,
      11568,
      11274,
      11116,
      11335,
      694,
      1129,
      1166,
      1184,
      1269,
      1530,
      1552,
      1551,
      1552,
      1551,
      1591,
      1725,
      1732,
      1853,
      1896,
      1897,
      1897,
      1934,
      1943,
      1946,
      1956,
      1957,
      2072,
      2115,
      2116,
      2178,
      2366,
      2262,
      2401,
      2411,
      2410,
      2416,
      2420,
      2530,
      2632,
      2807,
      2856,
      1320,
      2889,
      2891,
      1095,
      2915,
      2917,
      1030,
      2942,
      2968,
      3063,
      3063,
      3064,
      3067,
      3065,
      3094,
      3092,
      1205,
      2362,
      1339,
      3139,
      3079,
      3189,
      1041,
      1295,
      1205,
      3304,
      1284,
      3317,
      3352,
      3390,
      3409,
      3303,
      3431,
      1431,
      3525,
      3580,
      2012,
      3578,
      1681,
      1935,
      1587,
      3636,
      3659,
      3660,
      3700,
      2363,
      1572,
      1733,
      3888,
      1766,
      1765,
      5029,
      5257,
      5341,
      5382,
      5410,
      5480,
      5484,
      5485,
      5508,
      5524,
      5535,
      5597,
      5635,
      5734,
      5782,
      5840,
      6061,
      6121,
      6154,
      6219,
      6222,
      6234,
      6235,
      6268,
      6297,
      6298,
      6341,
      6419,
      6463,
      6496,
      6498,
      6503,
      6500,
      6609,
      6644,
      6647,
      6671,
      6663,
      6721,
      6798,
      6833,
      6829,
      6828,
      6855,
      6882,
      6956,
      6978,
      7027,
      7202,
      7233,
      7233,
      7271,
      7303,
      7339,
      7334,
      7401,
      7499,
      7509,
      7538,
      7544,
      7581,
      7578,
      7579,
      7665,
      7693,
      7692,
      7896,
      8027,
      7966,
      8003,
      8005,
      8013,
      8049,
      8046,
      8103,
      8090,
      8155,
      8155,
      8122,
      8262,
      8158,
      8351,
      8503,
      8456,
      8451,
      8452,
      8337,
      8291,
      8429,
      7334,
      8703,
      8462,
      7833,
      8603,
      8463,
      8792,
      8857,
      8951,
      8951,
      8982,
      7305,
      8894,
      9081,
      7557,
      9156,
      9155,
      7440,
      8916,
      9473,
      7470,
      8555,
      8081,
      9419,
      9450,
      9438,
      9509,
      8614,
      8323,
      8338,
      7812,
      8796,
      8485,
      9097,
      8517,
      8633,
      10001,
      9677,
      8229,
      8234,
      8348,
      8827,
      8375,
      8436,
      10032,
      9108,
      8419,
      10373,
      10214,
      10332,
      8343,
      10270,
      10418,
      10068,
      8304,
      8666,
      9604,
      9509,
      9649,
      10408,
      8400,
      9124,
      9477,
      10236,
      8456,
      8873,
      9003,
      10611,
      10787,
      9024,
      10602,
      9064,
      9338,
      10937,
      10718,
      9065,
      10748,
      9639,
      9682,
      9147,
      9268,
      9273,
      9055,
      9917,
      9118,
      9709,
      9414,
      11499,
      9236,
      9237,
      10294,
      9775,
      10253,
      9868,
      9447,
      9571,
      10232,
      10132,
      10214,
      10137,
      11585,
      10253,
      9992,
      10147,
      10063,
      10381,
      10422,
      10419,
      10432,
      10437,
      10880,
      10534,
      12968,
      13033,
      13328,
      13343,
      13365,
      13714,
      14207,
      14276,
      14278,
      14286,
      15522,
      15537,
      15849,
      15920,
      15935,
      16191,
      16252,
      16307,
      16356,
      16416,
      16415,
      16427,
      16424,
      16434,
      16447,
      16468,
      16491,
      16527,
      16539,
      427,
      647,
      649,
      1059,
      1082,
      1091,
      1332,
      1347,
      863,
      1559,
      1583,
      1864,
      2031,
      2032,
      2039,
      2111,
      2352,
      2406,
      2414,
      2433,
      2431,
      2463,
      2471,
      2614,
      2686,
      2732,
      2734,
      2785,
      2786,
      2786,
      2946,
      2998,
      3045,
      3047,
      3204,
      3204,
      3200,
      3252,
      3253,
      2172,
      3302,
      3299,
      3303,
      2781,
      3350,
      2226,
      3355,
      2227,
      3353,
      3358,
      3361,
      3365,
      3450,
      3444,
      3486,
      3481,
      3508,
      3538,
      2890,
      3584,
      3586,
      3627,
      3632,
      3624,
      3771,
      1477,
      3876,
      3930,
      1890,
      3928,
      4020,
      4019,
      2472,
      4063,
      4190,
      2185,
      2677,
      4269,
      2342,
      4412,
      4308,
      4461,
      4458,
      3105,
      4461,
      4395,
      4583,
      4578,
      4589,
      4816,
      4819,
      4740,
      4910,
      4903,
      4792,
      4991,
      3671,
      5078,
      4957,
      5071,
      5139,
      5302,
      5302,
      5348,
      5385,
      5316,
      5506,
      5395,
      5538,
      5428,
      5485,
      5594,
      5486,
      5628,
      5527,
      5561,
      5709,
      4120,
      5593,
      5788,
      5904,
      5908,
      3833,
      5933,
      5963,
      6007,
      6003,
      6051,
      6054,
      6137,
      6258,
      6144,
      6145,
      6260,
      6178,
      6243,
      6269,
      6394,
      6320,
      6308,
      6338,
      6498,
      6503,
      6418,
      6483,
      6510,
      6512,
      6571,
      6600,
      6604,
      6663,
      6733,
      6723,
      6758,
      6748,
      6797,
      6818,
      6807,
      5054,
      7080,
      7078,
      7093,
      7111,
      7110,
      7171,
      7173,
      7211,
      7293,
      7332,
      7356,
      7418,
      7449,
      7454,
      7456,
      7458,
      7585,
      7711,
      7746,
      7742,
      7807,
      7937,
      7856,
      7895,
      8033,
      8038,
      8086,
      8123,
      8122,
      8108,
      8159,
      8315,
      8217,
      8282,
      8299,
      8195,
      8353,
      8236,
      8234,
      8428,
      8317,
      8333,
      8374,
      8413,
      8415,
      8571,
      8639,
      8738,
      8652,
      8807,
      8804,
      8966,
      8999,
      9039,
      8916,
      9066,
      9110,
      8998,
      9143,
      9021,
      9125,
      9277,
      9154,
      9234,
      9422,
      9435,
      9301,
      9459,
      9401,
      9555,
      9481,
      9479,
      9480,
      9603,
      9508,
      9576,
      9576,
      9616,
      9744,
      9622,
      9648,
      9798,
      9797,
      9807,
      9895,
      9899,
      9924,
      9923,
      9951,
      9959,
      10036,
      10246,
      10203,
      10333,
      10208,
      10239,
      10364,
      10238,
      10291,
      10437,
      10331,
      10331,
      10373,
      10401,
      10439,
      10504,
      10691,
      10562,
      10565,
      10711,
      10750,
      10779,
      10813,
      10828,
      10859,
      10858,
      10903,
      10905,
      10973,
      11017,
      11014,
      11014,
      11050,
      11126,
      11138,
      11151,
      11148,
      11194,
      11202,
      11269,
      11326,
      11350,
      11368,
      11375,
      11408,
      11445,
      1027,
      1406,
      1438,
      1446,
      1462,
      1503,
      1778,
      1777,
      1780,
      1807,
      1821,
      1866,
      1873,
      2207,
      2215,
      2217,
      2273,
      2455,
      2455,
      2461,
      2520,
      2517,
      2522,
      2524,
      2526,
      2597,
      2602,
      2639,
      2658,
      2789,
      2857,
      2911,
      2911,
      2914,
      3062,
      3114,
      3113,
      3114,
      3154,
      3159,
      3159,
      3199,
      3269,
      3268,
      1325,
      3322,
      3323,
      3376,
      3377,
      3377,
      1171,
      3395,
      3394,
      3395,
      3453,
      1615,
      1229,
      3488,
      2017,
      3492,
      3575,
      3579,
      3661,
      3696,
      3694,
      1782,
      3733,
      3776,
      3799,
      2329,
      3829,
      3855,
      3856,
      2023,
      2786,
      3929,
      3931,
      3964,
      3963,
      3984,
      3987,
      2151,
      4020,
      4017,
      4065,
      4082,
      4084,
      4118,
      4122,
      4131,
      2327,
      4164,
      2627,
      4236,
      1904,
      4256,
      4256,
      4304,
      4303,
      4303,
      4320,
      2901,
      4381,
      4398,
      2970,
      4456,
      4554,
      2334,
      4555,
      2753,
      4589,
      4602,
      4638,
      4650,
      4675,
      4716,
      4737,
      4747,
      5710,
      5944,
      5991,
      6125,
      6144,
      6201,
      6232,
      6261,
      6283,
      6309,
      6387,
      6388,
      6391,
      6414,
      6424,
      6470,
      6665,
      6698,
      6699,
      6725,
      6783,
      6838,
      6844,
      6840,
      6876,
      6876,
      6909,
      7024,
      7036,
      7085,
      7113,
      7111,
      7166,
      7231,
      7282,
      7309,
      7407,
      7478,
      7478,
      7477,
      7484,
      7549,
      7621,
      6871,
      7422,
      7712,
      7708,
      7744,
      7922,
      7952,
      7950,
      5968,
      7013,
      7703,
      8095,
      8096,
      7609,
      8164,
      8191,
      6701,
      8201,
      8436,
      8440,
      6786,
      7966,
      8650,
      8431,
      8673,
      8313,
      8532,
      8831,
      8832,
      8867,
      8903,
      7178,
      6678,
      8949,
      8633,
      8632,
      8912,
      9213,
      7240,
      8009,
      7185,
      7968,
      8974,
      7614,
      8056,
      9414,
      7357,
      7836,
      9435,
      9569,
      9611,
      8682,
      9335,
      7872,
      9939,
      10050,
      9277,
      9851,
      10164,
      10166,
      9570,
      8097,
      9618,
      8080,
      8529,
      8166,
      10422,
      9952,
      8349,
      10494,
      10545,
      10333,
      8383,
      8924,
      10701,
      10294,
      10059,
      10484,
      10333,
      10922,
      8717,
      9695,
      10243,
      9816,
      10362,
      10580,
      10037,
      10393,
      10617,
      9954,
      10072,
      10857,
      10312,
      10507,
      9523,
      10873,
      10689,
      10692,
      11412,
      10693,
      10687,
      11198,
      10461,
      10510,
      9795,
      10800,
      10591,
      11436,
      10622,
      10858,
      10171,
      9820,
      10816,
      10334,
      10826,
      11561,
      10984,
      10012,
      10902,
      10804,
      11392,
      11386,
      10971,
      10096,
      10977,
      10953,
      11326,
      11501,
      11323,
      11685,
      11226,
      11378,
      2204,
      2108,
      2387,
      2388,
      2398,
      2442,
      2447,
      2494,
      2496,
      2503,
      2620,
      2640,
      2646,
      2647,
      2647,
      2658,
      2659,
      2740,
      2739,
      2744,
      2743,
      2691,
      2797,
      2826,
      2840,
      2926,
      2927,
      2935,
      3048,
      3050,
      3056,
      3068,
      3114,
      3119,
      3278,
      3297,
      3295,
      3296,
      3386,
      3526,
      3555,
      3555,
      3554,
      3456,
      3615,
      3662,
      3810,
      3817,
      3816,
      3865,
      3762,
      3904,
      3910,
      3909,
      3937,
      3939,
      4028,
      1836,
      4066,
      4098,
      4099,
      4098,
      4105,
      1904,
      4264,
      4264,
      4281,
      4288,
      4288,
      4208,
      4311,
      4313,
      4399,
      4401,
      4400,
      4470,
      4470,
      4381,
      4560,
      4560,
      4584,
      4584,
      4604,
      4660,
      4663,
      4660,
      4663,
      4664,
      4690,
      4705,
      4719,
      4740,
      4773,
      4794,
      4898,
      4899,
      4899,
      4898,
      4844,
      4968,
      5115,
      5117,
      5155,
      5164,
      5070,
      5188,
      5221,
      5216,
      5115,
      5238,
      5287,
      5339,
      6570,
      6626,
      6621,
      6711,
      6735,
      6823,
      6901,
      7075,
      7104,
      7110,
      7126,
      7184,
      7208,
      7208,
      7272,
      7349,
      7430,
      7466,
      7482,
      7579,
      7600,
      7601,
      7609,
      6546,
      7668,
      6905,
      7792,
      7812,
      7246,
      7809,
      6057,
      7835,
      7854,
      7854,
      6243,
      7943,
      7954,
      5926,
      8131,
      6812,
      7699,
      6380,
      8394,
      8471,
      6657,
      7125,
      7863,
      6657,
      8690,
      7947,
      6963,
      8930,
      8951,
      7419,
      8135,
      7113,
      8588,
      8487,
      8745,
      8110,
      9349,
      7511,
      7963,
      7964,
      9431,
      7431,
      8614,
      7690,
      7608,
      9416,
      7802,
      8986,
      7721,
      9342,
      9266,
      9721,
      7841,
      8796,
      9929,
      9840,
      9261,
      9434,
      9335,
      9150,
      8840,
      8167,
      8138,
      8280,
      8282,
      10375,
      8726,
      9059,
      9204,
      8759,
      10107,
      9627,
      9391,
      10521,
      8891,
      9265,
      9041,
      10721,
      9186,
      9208,
      8744,
      8935,
      9505,
      9658,
      9013,
      10472,
      9952,
      10483,
      9761,
      9691,
      9456,
      10429,
      9608,
      10097,
      9643,
      11011,
      10404,
      9981,
      9553,
      11323,
      10391,
      10089,
      11640,
      10161,
      10329,
      10667,
      10138,
      10368,
      10052,
      10109,
      10831,
      10486,
      10145,
      10153,
      10284,
      10167,
      10558,
      10529,
      10845,
      10413,
      11213,
      11010,
      10350,
      10833,
      10829,
      10396,
      10397,
      10541,
      10539,
      10559,
      11745,
      10602,
      10989,
      10645,
      10658,
      11115,
      11110,
      12063,
      12554,
      10916,
      10942,
      11190,
      10847,
      10844,
      10881,
      11021,
      10921,
      11268,
      11181,
      10983,
      10977,
      11096,
      10988,
      11106,
      10992,
      11146,
      13075,
      11292,
      1072,
      1793,
      1828,
      1740,
      1910,
      2051,
      1963,
      2152,
      2159,
      2250,
      2290,
      2364,
      2489,
      2488,
      2488,
      2489,
      2490,
      2498,
      2651,
      2746,
      2681,
      2727,
      2833,
      2868,
      2870,
      2920,
      2952,
      2988,
      3069,
      3071,
      3126,
      3133,
      1313,
      3164,
      1348,
      3244,
      3247,
      3288,
      3316,
      3382,
      3422,
      3427,
      866,
      1107,
      3458,
      3481,
      3511,
      1594,
      1017,
      3551,
      3671,
      3673,
      3725,
      3724,
      3723,
      3768,
      3667,
      3668,
      2726,
      3901,
      3905,
      3924,
      3819,
      3940,
      3939,
      3953,
      3995,
      4021,
      4102,
      4013,
      4121,
      1928,
      4134,
      2114,
      1684,
      4284,
      2112,
      4270,
      1811,
      4374,
      4271,
      4416,
      4433,
      4471,
      4475,
      4484,
      4497,
      4543,
      4579,
      2058,
      5614,
      5844,
      5871,
      5933,
      5983,
      6010,
      6172,
      6194,
      6305,
      6380,
      6408,
      6409,
      6470,
      6561,
      6646,
      6671,
      6723,
      6728,
      6727,
      6787,
      6809,
      6927,
      6954,
      7026,
      7114,
      7181,
      7186,
      7233,
      7239,
      7264,
      7306,
      7369,
      7447,
      7478,
      7478,
      7538,
      7531,
      7556,
      7600,
      7626,
      7651,
      7652,
      7686,
      7693,
      7715,
      7747,
      7782,
      7786,
      7867,
      7873,
      8053,
      8068,
      8228,
      7844,
      8307,
      8326,
      7986,
      8383,
      7750,
      8395,
      8412,
      8289,
      8463,
      8478,
      7901,
      8556,
      8561,
      8447,
      8596,
      7488,
      8594,
      8381,
      8701,
      8753,
      8377,
      8975,
      8337,
      8306,
      6996,
      9068,
      9312,
      7367,
      9355,
      6893,
      8750,
      9446,
      8810,
      7016,
      9488,
      9118,
      9495,
      9423,
      9132,
      7417,
      9676,
      7348,
      9704,
      9703,
      7985,
      7404,
      7900,
      8819,
      9800,
      9298,
      7953,
      9692,
      9953,
      7532,
      8886,
      7699,
      9652,
      10168,
      10242,
      9747,
      7962,
      9818,
      9871,
      10639,
      8662,
      10038,
      8375,
      10224,
      10891,
      10277,
      10078,
      9748,
      8871,
      8761,
      10107,
      10395,
      10420,
      10795,
      10271,
      8927,
      10415,
      9855,
      9099,
      9095,
      10702,
      10971,
      10700,
      11446,
      10676,
      10574,
      10457,
      10491,
      10491,
      10905,
      10887,
      10775,
      11162,
      10753,
      11868,
      9904,
      11141,
      11540,
      9634,
      11218,
      9756,
      11244,
      9843,
      12156,
      10199,
      11085,
      11112,
      9994,
      11453,
      9789,
      11659,
      11296,
      10061,
      11198,
      9863,
      12331,
      12329,
      10378,
      11257,
      12303,
      12452,
      10494,
      12633,
      12529,
      11816,
      12801,
      12919,
      10513,
      13161,
      13588,
      11742,
      13765,
      13769,
      13776,
      13877,
      13990,
      14107,
      14346,
      14479,
      14482,
      14653,
      14559,
      15077,
      15073,
      15090,
      15093,
      15110,
      15153,
      15181,
      15568,
      15586,
      16060,
      16085,
      17261,
      809,
      815,
      827,
      872,
      875,
      1069,
      1176,
      1186,
      1311,
      1314,
      1385,
      1385,
      1410,
      1618,
      1626,
      1667,
      1666,
      1674,
      1732,
      1730,
      1790,
      1913,
      1912,
      1912,
      1939,
      1963,
      1968,
      2086,
      2132,
      2143,
      2272,
      2332,
      2333,
      2430,
      1195,
      2433,
      1383,
      2491,
      2547,
      2549,
      2543,
      2601,
      2604,
      907,
      2656,
      1248,
      2849,
      1970,
      2922,
      1226,
      2967,
      2973,
      3004,
      2290,
      1822,
      3219,
      3286,
      3282,
      3331,
      3387,
      1237,
      3519,
      3580,
      3581,
      3578,
      1799,
      3634,
      3625,
      3729,
      3800,
      2103,
      3800,
      2965,
      1975,
      3925,
      3932,
      1779,
      3982,
      4035,
      4095,
      4091,
      2928,
      4073,
      4214,
      2644,
      4363,
      2524,
      4447,
      4477,
      3057,
      2476,
      4644,
      4648,
      4693,
      4743,
      3275,
      4783,
      4775,
      4677,
      4782,
      4724,
      4725,
      3177,
      4797,
      4955,
      4989,
      3229,
      3683,
      2953,
      5005,
      5153,
      5151,
      5155,
      5192,
      5198,
      3149,
      5303,
      5194,
      5195,
      5237,
      5309,
      5413,
      5347,
      5454,
      5495,
      5496,
      5424,
      5564,
      5533,
      5671,
      5857,
      5966,
      5859,
      5858,
      5900,
      5942,
      5983,
      5986,
      4047,
      6021,
      6098,
      6112,
      6142,
      6227,
      4417,
      6265,
      6311,
      4264,
      6458,
      6500,
      6610,
      6495,
      6568,
      6675,
      6705,
      6678,
      4985,
      6681,
      6769,
      6770,
      6855,
      6961,
      6939,
      6177,
      7001,
      7002,
      6311,
      7105,
      7148,
      7159,
      7156,
      7277,
      7245,
      7276,
      7346,
      7411,
      7559,
      7697,
      7624,
      7660,
      7657,
      7693,
      7689,
      7702,
      7734,
      7857,
      7853,
      8038,
      7952,
      8020,
      8061,
      8010,
      8142,
      8138,
      8142,
      8146,
      8256,
      8181,
      8354,
      8357,
      8361,
      8306,
      8439,
      8339,
      8544,
      8432,
      8539,
      8592,
      8600,
      8554,
      8712,
      8640,
      8783,
      8774,
      8668,
      8814,
      8820,
      8885,
      8783,
      8889,
      8890,
      8797,
      8857,
      8997,
      9008,
      9043,
      9072,
      8965,
      9077,
      9068,
      8996,
      9142,
      9174,
      9235,
      9132,
      9133,
      9283,
      9274,
      9221,
      9396,
      9368,
      9465,
      9493,
      9633,
      9635,
      9549,
      9589,
      9586,
      9764,
      9760,
      9710,
      9717,
      9713,
      9715,
      9738,
      9799,
      9910,
      9873,
      9880,
      9906,
      9959,
      10072,
      10219,
      10098,
      10180,
      10293,
      10180,
      10206,
      10223,
      10299,
      10325,
      10322,
      10345,
      10361,
      10368,
      10368,
      10369,
      10363,
      10581,
      10464,
      10473,
      10494,
      10555,
      10553,
      10589,
      10603,
      10638,
      10663,
      10666,
      10681,
      10742,
      10742,
      10807,
      10812,
      10835,
      10870,
      10896,
      10946,
      10972,
      10977,
      11002,
      11017,
      11033,
      11068,
      11148,
      11225,
      11258,
      10041,
      10096,
      10213,
      10309,
      1087,
      1175,
      1252,
      1325,
      1342,
      1376,
      1380,
      1384,
      1577,
      1628,
      1634,
      1695,
      1699,
      1708,
      1744,
      1746,
      1974,
      1988,
      2126,
      2130,
      2139,
      2150,
      2156,
      2171,
      2315,
      2319,
      2329,
      2228,
      2336,
      2374,
      2474,
      2561,
      2558,
      2558,
      2603,
      2605,
      2606,
      2675,
      1352,
      2680,
      2680,
      2735,
      2735,
      2902,
      2985,
      1661,
      1569,
      3036,
      3208,
      3256,
      3289,
      3292,
      3290,
      1623,
      1624,
      955,
      3374,
      3374,
      1595,
      3437,
      1713,
      3515,
      3555,
      3601,
      3601,
      1906,
      3688,
      3721,
      3722,
      3722,
      1375,
      3760,
      3758,
      3781,
      3823,
      3850,
      3853,
      3852,
      3852,
      3853,
      3857,
      3893,
      1716,
      3919,
      3922,
      3919,
      3919,
      3955,
      2638,
      4079,
      4078,
      4111,
      4134,
      4136,
      2498,
      4299,
      4332,
      4332,
      4336,
      4384,
      4413,
      2416,
      4433,
      2076,
      3045,
      2302,
      2323,
      4529,
      2827,
      4624,
      4668,
      4685,
      4718,
      2336,
      2566,
      2593,
      4853,
      2494,
      4949,
      2563,
      4991,
      5000,
      5001,
      4932,
      2862,
      5073,
      5142,
      3124,
      3955,
      3735,
      5176,
      4091,
      3421,
      5106,
      5649,
      5670,
      5723,
      5778,
      5790,
      5814,
      6058,
      6075,
      6118,
      6147,
      6225,
      6265,
      6337,
      6391,
      6425,
      6447,
      6456,
      6479,
      6504,
      6654,
      6711,
      6836,
      6878,
      6870,
      6908,
      6907,
      6912,
      6975,
      6979,
      7022,
      7119,
      7146,
      7211,
      7239,
      7296,
      7299,
      7351,
      7340,
      7355,
      7428,
      7533,
      7537,
      7733,
      7787,
      7823,
      7924,
      7970,
      8009,
      8077,
      8167,
      8198,
      8201,
      8244,
      8248,
      8304,
      8333,
      8375,
      8378,
      8374,
      8377,
      8421,
      8419,
      8455,
      8518,
      8381,
      8499,
      8381,
      8579,
      8599,
      8705,
      8705,
      8758,
      8761,
      8639,
      8797,
      8799,
      8665,
      8981,
      8996,
      9034,
      8904,
      9095,
      9039,
      9132,
      9171,
      9179,
      9194,
      9371,
      9414,
      9394,
      9275,
      9417,
      9424,
      9594,
      9579,
      9624,
      9626,
      9697,
      9781,
      9922,
      9783,
      10048,
      9919,
      10057,
      9927,
      9958,
      10120,
      10233,
      10131,
      10130,
      10131,
      10256,
      10193,
      10196,
      10285,
      10588,
      10469,
      10484,
      10541,
      10611,
      10613,
      10746,
      10746,
      10610,
      10644,
      10788,
      10790,
      10960,
      10824,
      10827,
      10842,
      10843,
      10844,
      10885,
      10915,
      10937,
      11114,
      10993,
      10997,
      10998,
      11112,
      11152,
      11151,
      11152,
      11217,
      11215,
      11384,
      11413,
      11279,
      11337,
      11331,
      11340,
      11346,
      11383,
      11571,
      11518,
      11598,
      11653,
      11705,
      11733,
      11777,
      11859,
      10110,
      9966,
      9851,
      9854,
      9943,
      10193,
      10096,
      10253,
      10427,
      10462,
      10618,
      10687,
      1281,
      1380,
      1384,
      1424,
      1694,
      1705,
      1741,
      1746,
      1774,
      1784,
      1808,
      1892,
      1955,
      2016,
      2028,
      2068,
      2076,
      2083,
      2085,
      2092,
      2093,
      2094,
      2144,
      2320,
      2383,
      2383,
      2388,
      2399,
      2467,
      2493,
      2554,
      2557,
      2562,
      2616,
      2616,
      2617,
      2794,
      2789,
      2797,
      2920,
      2984,
      1588,
      3036,
      3030,
      1635,
      3032,
      3096,
      3096,
      3125,
      3316,
      1212,
      3335,
      1586,
      908,
      3486,
      3491,
      1480,
      3604,
      3658,
      3664,
      3701,
      3708,
      3708,
      3705,
      3744,
      3748,
      3745,
      3774,
      3817,
      1745,
      3934,
      3938,
      3991,
      3988,
      2245,
      4123,
      2159,
      4145,
      4151,
      4155,
      2073,
      4180,
      4211,
      4258,
      2970,
      4278,
      2520,
      2434,
      4307,
      1967,
      4326,
      2572,
      4328,
      2243,
      4349,
      2327,
      4469,
      2021,
      4474,
      2649,
      4564,
      4566,
      2460,
      4611,
      4639,
      2417,
      2204,
      2215,
      4732,
      4759,
      4768,
      2658,
      4769,
      4851,
      3338,
      3111,
      4908,
      4987,
      5083,
      5087,
      5088,
      5111,
      3065,
      5211,
      3277,
      6022,
      6122,
      6145,
      6173,
      6220,
      6314,
      6360,
      6442,
      6463,
      6535,
      6606,
      6658,
      6693,
      6716,
      6775,
      6878,
      6903,
      6970,
      7040,
      7058,
      7091,
      7130,
      7241,
      7133,
      7171,
      7175,
      7317,
      7318,
      7354,
      7381,
      7490,
      7384,
      7418,
      7412,
      7492,
      7490,
      7492,
      7640,
      7552,
      7617,
      7656,
      7676,
      7677,
      7682,
      7713,
      7744,
      7775,
      7778,
      7778,
      7805,
      7865,
      7866,
      7863,
      7866,
      7938,
      8002,
      8063,
      8067,
      8065,
      8099,
      8157,
      8225,
      8247,
      8250,
      8283,
      8312,
      8344,
      8412,
      8444,
      8478,
      8502,
      8571,
      8613,
      8634,
      8668,
      8701,
      8728,
      8790,
      8791,
      8850,
      8915,
      8787,
      8979,
      8993,
      8845,
      9001,
      8946,
      9122,
      9130,
      9006,
      9216,
      9067,
      9284,
      9135,
      9223,
      9509,
      9359,
      9393,
      9395,
      9547,
      9437,
      9522,
      9674,
      9522,
      9678,
      9706,
      9638,
      9702,
      9968,
      9971,
      9838,
      9879,
      10057,
      9943,
      9972,
      10125,
      10129,
      10168,
      10226,
      10118,
      10145,
      10215,
      10220,
      10452,
      10382,
      10383,
      10394,
      10397,
      10535,
      10770,
      10617,
      10747,
      10779,
      10819,
      10833,
      10847,
      10845,
      10892,
      10992,
      11031,
      11072,
      11094,
      11118,
      11149,
      11152,
      11301,
      11157,
      11263,
      11518,
      11390,
      9909,
      11411,
      11479,
      11498,
      11492,
      11549,
      11549,
      9693,
      11669,
      11797,
      11220,
      10165,
      10805,
      9986,
      10380,
      10640,
      10559,
      11260,
      11191,
      11204,
      10041,
      10873,
      10528,
      10527,
      10182,
      10432,
      12308,
      11190,
      10264,
      10247,
      10595,
      11063,
      10408,
      10787,
      11413,
      10360,
      10532,
      11029,
      11403,
      11142,
      11399,
      10865,
      1603,
      1672,
      1681,
      1744,
      1759,
      1848,
      1867,
      1940,
      1982,
      2004,
      2062,
      2086,
      2252,
      2263,
      2339,
      2343,
      2348,
      2391,
      2397,
      2442,
      2574,
      2574,
      2583,
      2713,
      2813,
      2906,
      2922,
      2928,
      3033,
      3030,
      3059,
      3178,
      3223,
      3290,
      3292,
      1532,
      3327,
      3323,
      3326,
      3373,
      3424,
      3463,
      3512,
      3548,
      1494,
      3597,
      3592,
      3634,
      3683,
      3690,
      3727,
      3730,
      3727,
      3769,
      3774,
      3771,
      3774,
      3771,
      3804,
      3802,
      3844,
      3850,
      2288,
      3929,
      3941,
      3859,
      3963,
      4035,
      4134,
      4133,
      4140,
      4153,
      4158,
      4241,
      2373,
      4299,
      4304,
      4325,
      4375,
      4428,
      4430,
      4453,
      4452,
      4496,
      4522,
      4516,
      4559,
      2839,
      4600,
      2633,
      4621,
      2654,
      4645,
      2883,
      4656,
      4658,
      4737,
      4760,
      4873,
      3002,
      4878,
      4927,
      4931,
      4938,
      4949,
      5050,
      5051,
      3304,
      5062,
      5137,
      5161,
      5184,
      3112,
      3151,
      6207,
      6334,
      6453,
      6498,
      6722,
      6921,
      6951,
      6952,
      6978,
      6977,
      7072,
      7072,
      7075,
      7074,
      7105,
      7106,
      7134,
      7169,
      7262,
      7265,
      7361,
      7365,
      7364,
      7432,
      7435,
      7458,
      7490,
      7590,
      7640,
      7641,
      7642,
      7685,
      7708,
      7713,
      7839,
      7845,
      7887,
      7927,
      7928,
      7982,
      8018,
      8019,
      8022,
      8091,
      8123,
      8266,
      8331,
      8326,
      8325,
      8379,
      8378,
      8430,
      8555,
      8560,
      8559,
      8609,
      8654,
      8699,
      8770,
      8771,
      8809,
      8855,
      8939,
      9275,
      9274,
      9041,
      9274,
      9277,
      9354,
      9235,
      9516,
      9542,
      9581,
      9584,
      9594,
      9583,
      7658,
      9669,
      9675,
      8372,
      8267,
      9751,
      9856,
      9857,
      9867,
      9930,
      9696,
      9357,
      9403,
      8055,
      10063,
      10069,
      8214,
      8944,
      9243,
      10264,
      9692,
      10330,
      8345,
      10400,
      10167,
      10408,
      10407,
      10440,
      9866,
      9193,
      10543,
      10612,
      10510,
      10668,
      8854,
      9909,
      9717,
      10549,
      9025,
      11050,
      11171,
      11074,
      9085,
      10460,
      10520,
      10635,
      9252,
      10552,
      11299,
      9906,
      9271,
      10494,
      11444,
      10377,
      10859,
      9617,
      11636,
      9585,
      10168,
      10297,
      9645,
      10673,
      9778,
      9918,
      10149,
      10556,
      10561,
      11660,
      10951,
      10949,
      10032,
      11925,
      11718,
      10716,
      11417,
      10028,
      12136,
      10612,
      10795,
      11613,
      11571,
      11015,
      10900,
      10785,
      10216,
      10979,
      10752,
      11116,
      11036,
      12127,
      10437,
      11132,
      12564,
      12358,
      11553,
      11604,
      11405,
      731,
      1479,
      1611,
      1658,
      1672,
      1673,
      1690,
      1748,
      1849,
      1849,
      1856,
      1856,
      1959,
      1961,
      1960,
      1960,
      2064,
      2089,
      2148,
      2158,
      2164,
      2164,
      2164,
      2204,
      2169,
      2275,
      2182,
      2324,
      2324,
      2408,
      2523,
      2529,
      782,
      1000,
      2660,
      2727,
      2813,
      2849,
      1114,
      2929,
      2900,
      2900,
      2899,
      3064,
      3135,
      3137,
      3197,
      3196,
      3198,
      3255,
      3260,
      3262,
      3385,
      3466,
      3468,
      3467,
      3540,
      3539,
      3639,
      3640,
      3642,
      3641,
      1666,
      3692,
      3624,
      3727,
      3729,
      3776,
      1670,
      3817,
      3879,
      3877,
      3917,
      3959,
      3961,
      2015,
      4043,
      4080,
      4124,
      4120,
      4158,
      4154,
      4158,
      4199,
      1977,
      4199,
      4201,
      4201,
      4127,
      4231,
      2023,
      4273,
      1938,
      2615,
      2809,
      4343,
      4368,
      2554,
      4466,
      4389,
      2757,
      3758,
      2721,
      2469,
      4748,
      2527,
      2760,
      4754,
      4648,
      2762,
      2874,
      4753,
      2421,
      2443,
      4777,
      4796,
      4800,
      4853,
      2647,
      4869,
      4898,
      3179,
      2622,
      4965,
      4964,
      4977,
      5010,
      5029,
      2971,
      5075,
      5088,
      5164,
      3309,
      5196,
      5207,
      5102,
      5220,
      5247,
      3037,
      3150,
      6388,
      6422,
      6444,
      6469,
      6471,
      6519,
      6552,
      6646,
      6673,
      6762,
      6794,
      6806,
      6805,
      6855,
      6968,
      7075,
      7098,
      7125,
      7160,
      7199,
      7214,
      7229,
      7228,
      7324,
      7327,
      7524,
      7524,
      7598,
      7645,
      7659,
      7660,
      7680,
      7685,
      7714,
      7716,
      7759,
      7775,
      7852,
      7873,
      8050,
      8117,
      8119,
      7672,
      8181,
      8236,
      8268,
      8086,
      8341,
      7352,
      8526,
      8607,
      8608,
      8656,
      8566,
      8449,
      8678,
      7511,
      8467,
      7826,
      8752,
      8544,
      7246,
      8840,
      8864,
      8901,
      8952,
      9008,
      9014,
      9086,
      7157,
      7321,
      8749,
      9343,
      7144,
      8183,
      7617,
      7655,
      7601,
      9375,
      7959,
      8600,
      8919,
      7890,
      9543,
      9708,
      8917,
      9076,
      7749,
      9073,
      9261,
      9649,
      7795,
      9931,
      7911,
      10086,
      7861,
      8628,
      9600,
      8402,
      9152,
      10051,
      9182,
      8635,
      9406,
      10106,
      9871,
      9298,
      9337,
      9384,
      8476,
      9179,
      10042,
      8862,
      10394,
      9449,
      8826,
      9172,
      10076,
      9893,
      9373,
      9295,
      9667,
      8979,
      9214,
      8785,
      9209,
      9568,
      9238,
      9386,
      10069,
      9507,
      9365,
      10366,
      10837,
      10022,
      9637,
      10648,
      10337,
      10378,
      9642,
      9797,
      9960,
      10078,
      9870,
      10064,
      10061,
      10066,
      10188,
      10396,
      10167,
      11628,
      10432,
      10513,
      11090,
      10304,
      10199,
      10374,
      11167,
      11169,
      10430,
      10329,
      10580,
      10471,
      10352,
      10371,
      10267,
      10450,
      10559,
      10474,
      10582,
      11857,
      10720,
      11164,
      10500,
      10700,
      10711,
      10817,
      10986,
      11108,
      11010,
      10865,
      10895,
      11019,
      10905,
      10917,
      11878,
      10979,
      11548,
      11404,
      11114,
      11150,
      11446,
      11350,
      11260,
      11378,
      11390,
      11414,
      11442,
      899,
      953,
      1161,
      1169,
      1338,
      1338,
      1368,
      1376,
      1376,
      1395,
      1411,
      1433,
      1451,
      1450,
      1507,
      1600,
      1605,
      1603,
      1635,
      1712,
      1785,
      1823,
      1856,
      1856,
      1856,
      1859,
      1870,
      1897,
      1934,
      2032,
      2125,
      2245,
      2314,
      2310,
      2394,
      2394,
      2474,
      2477,
      873,
      1011,
      2564,
      2589,
      1223,
      2651,
      1127,
      2657,
      2654,
      2707,
      1748,
      1086,
      629,
      859,
      2755,
      2844,
      2879,
      1691,
      2878,
      2878,
      2895,
      2923,
      2980,
      3044,
      1123,
      3133,
      3165,
      3176,
      966,
      1880,
      3302,
      1433,
      3393,
      3403,
      3400,
      1547,
      3457,
      3478,
      2088,
      1641,
      3581,
      2078,
      2193,
      2145,
      3854,
      3945,
      3967,
      4008,
      4008,
      4060,
      4080,
      2221,
      2343,
      4107,
      4135,
      4134,
      2155,
      2272,
      4175,
      2431,
      4486,
      5109,
      5329,
      5233,
      5415,
      5453,
      5647,
      5674,
      5706,
      5726,
      5733,
      5879,
      5913,
      5941,
      5969,
      6047,
      6077,
      6078,
      6075,
      6104,
      6143,
      6140,
      6161,
      6190,
      6197,
      6283,
      6286,
      6312,
      6311,
      6362,
      6390,
      6510,
      6505,
      6545,
      6544,
      6577,
      6576,
      6572,
      6621,
      6661,
      6710,
      6736,
      6797,
      6796,
      6790,
      6855,
      6862,
      6898,
      6905,
      6926,
      6957,
      7128,
      7158,
      7278,
      7319,
      7345,
      7349,
      7346,
      7429,
      7628,
      7710,
      7701,
      7697,
      7752,
      7751,
      7782,
      7779,
      7857,
      7863,
      7857,
      7859,
      7942,
      7981,
      8027,
      7214,
      8060,
      8162,
      8205,
      8204,
      8209,
      7127,
      8494,
      8423,
      8424,
      8452,
      8499,
      8583,
      8619,
      8412,
      8809,
      8766,
      8301,
      8802,
      8803,
      8613,
      8859,
      8396,
      8938,
      8941,
      8973,
      8738,
      7679,
      9095,
      7908,
      7002,
      7428,
      9193,
      9072,
      8073,
      7877,
      8834,
      8372,
      8617,
      8274,
      7976,
      9395,
      9572,
      8297,
      8754,
      8220,
      8450,
      7983,
      9272,
      9558,
      7721,
      8206,
      8017,
      8734,
      9771,
      9129,
      8116,
      8405,
      8200,
      8653,
      8112,
      8092,
      10232,
      8236,
      9611,
      10117,
      8864,
      8760,
      8195,
      8217,
      9254,
      9159,
      10056,
      9671,
      8651,
      9291,
      10595,
      10032,
      8671,
      8909,
      10448,
      9965,
      8947,
      9642,
      9664,
      9345,
      8944,
      10495,
      9028,
      8939,
      10737,
      10479,
      10741,
      11243,
      9245,
      10511,
      9041,
      10068,
      10403,
      9103,
      10361,
      9257,
      10102,
      10132,
      11086,
      10006,
      11402,
      11038,
      10796,
      11657,
      10052,
      10902,
      10347,
      10347,
      10358,
      10156,
      10872,
      9989,
      10693,
      10246,
      11398,
      10364,
      10656,
      10550,
      11800,
      10203,
      10357,
      10271,
      10662,
      12591,
      10666,
      11462,
      12794,
      11093,
      11244,
      11045,
      12924,
      12995,
      13043,
      13457,
      13563,
      13927,
      14229,
      14465,
      14610,
      14638,
      14662,
      14683,
      14720,
      15204,
      15359,
      389,
      685,
      751,
      1013,
      1023,
      1040,
      1264,
      1269,
      1282,
      1291,
      1403,
      1615,
      1639,
      1645,
      1656,
      1941,
      1950,
      1954,
      1956,
      2006,
      2010,
      2165,
      2202,
      2467,
      2619,
      1540,
      2622,
      1958,
      2689,
      2690,
      2727,
      2799,
      1195,
      1195,
      2858,
      2861,
      2935,
      2135,
      2974,
      3122,
      3124,
      3121,
      3195,
      2162,
      3244,
      1032,
      3300,
      1938,
      3405,
      3406,
      3455,
      1451,
      1451,
      3508,
      3510,
      3596,
      3601,
      3597,
      3643,
      3694,
      3698,
      3706,
      1731,
      3741,
      3800,
      1376,
      3789,
      3938,
      2686,
      4046,
      4048,
      4049,
      4054,
      4052,
      4130,
      2579,
      4179,
      4291,
      4334,
      4388,
      3073,
      4384,
      4482,
      2886,
      2308,
      2588,
      3571,
      4654,
      3342,
      4186,
      4551,
      2703,
      4712,
      4799,
      4804,
      4701,
      4862,
      4862,
      4896,
      4903,
      4897,
      2887,
      4976,
      4922,
      5026,
      5008,
      5140,
      5280,
      5281,
      5281,
      5321,
      5213,
      5399,
      5290,
      5477,
      5513,
      5409,
      5577,
      5578,
      5582,
      5493,
      5634,
      5674,
      5573,
      5589,
      5785,
      5682,
      5686,
      5686,
      5710,
      5709,
      5863,
      5898,
      5790,
      6009,
      6119,
      6047,
      6094,
      6215,
      6319,
      6235,
      6340,
      6263,
      6264,
      6339,
      6388,
      6514,
      6547,
      6619,
      6616,
      6656,
      6653,
      6807,
      6730,
      6768,
      6815,
      6933,
      6934,
      6971,
      6966,
      7039,
      7053,
      7188,
      7148,
      7189,
      7307,
      7212,
      7232,
      7230,
      7375,
      7310,
      7311,
      7308,
      7309,
      7384,
      7421,
      7463,
      7462,
      7576,
      7506,
      7544,
      7606,
      7607,
      7640,
      7670,
      7670,
      7686,
      7697,
      7807,
      7698,
      6500,
      7758,
      7761,
      7851,
      7894,
      7927,
      7961,
      7967,
      7994,
      8056,
      8156,
      8047,
      8220,
      8219,
      8251,
      8333,
      8328,
      8515,
      8527,
      8561,
      8451,
      8599,
      8735,
      8698,
      8699,
      8780,
      8822,
      8898,
      9030,
      8919,
      9004,
      9116,
      9117,
      9066,
      9179,
      9276,
      9321,
      9350,
      9502,
      9575,
      9649,
      9546,
      9613,
      9618,
      9652,
      9728,
      9766,
      9799,
      9800,
      9797,
      9850,
      9891,
      10001,
      9929,
      10082,
      10106,
      10000,
      10011,
      10045,
      10048,
      10065,
      10179,
      10068,
      10105,
      10132,
      10131,
      10246,
      10151,
      10184,
      10235,
      10302,
      10417,
      10548,
      10549,
      10446,
      10482,
      10503,
      10541,
      10590,
      10614,
      10665,
      10799,
      10802,
      10804,
      10827,
      10925,
      10927,
      10942,
      10954,
      10953,
      10956,
      10996,
      10997,
      11027,
      11086,
      11087,
      11108,
      11165,
      11181,
      11179,
      11240,
      11260,
      11279,
      11360,
      11441,
      11460,
      11519,
      11527,
      11599,
      10088,
      10105,
      1462,
      1475,
      1595,
      1645,
      1709,
      1766,
      1766,
      1767,
      1810,
      1828,
      1830,
      1831,
      2054,
      2054,
      2056,
      2060,
      2066,
      2099,
      2100,
      2163,
      2159,
      2164,
      2287,
      2350,
      2351,
      2396,
      2400,
      2466,
      2566,
      2562,
      2562,
      2590,
      2635,
      2711,
      2712,
      2760,
      1374,
      2918,
      2916,
      2917,
      2919,
      1265,
      2926,
      2976,
      2979,
      2979,
      3029,
      3034,
      3056,
      3159,
      3164,
      1310,
      1440,
      3234,
      3254,
      1596,
      1118,
      3270,
      3292,
      3290,
      3419,
      3422,
      3420,
      1532,
      3452,
      3455,
      3483,
      3484,
      3485,
      3486,
      1348,
      3517,
      3553,
      3560,
      1688,
      3626,
      3647,
      3764,
      3763,
      3799,
      3848,
      3878,
      3947,
      1812,
      3972,
      4016,
      4069,
      1952,
      2210,
      2358,
      4132,
      4131,
      4148,
      4153,
      4216,
      4229,
      2018,
      4302,
      2527,
      2533,
      4675,
      4685,
      4841,
      3351,
      4900,
      4901,
      3126,
      2695,
      2962,
      5401,
      5438,
      5474,
      5525,
      5565,
      3481,
      3563,
      7006,
      6975,
      7041,
      7240,
      7353,
      7255,
      7403,
      7404,
      7516,
      7565,
      7568,
      7632,
      7667,
      7695,
      7856,
      7762,
      7902,
      7999,
      8002,
      8156,
      8172,
      8211,
      8245,
      8311,
      8314,
      8359,
      8358,
      8386,
      8388,
      8384,
      8417,
      8423,
      8462,
      8499,
      8530,
      8533,
      8649,
      8678,
      8716,
      8714,
      8795,
      8791,
      8800,
      8864,
      8873,
      8949,
      8946,
      8945,
      8975,
      8976,
      9085,
      9132,
      9138,
      9273,
      9271,
      9451,
      9333,
      9349,
      9377,
      9415,
      9459,
      9458,
      9456,
      9499,
      9534,
      9554,
      9627,
      9630,
      9626,
      9658,
      9693,
      9949,
      9949,
      10017,
      10113,
      10149,
      10188,
      10104,
      10209,
      10270,
      10262,
      10264,
      10291,
      10289,
      10300,
      10344,
      10406,
      10450,
      10453,
      10489,
      10507,
      10542,
      10517,
      10643,
      10610,
      10794,
      10691,
      10692,
      10797,
      10813,
      10816,
      10727,
      10926,
      10634,
      10882,
      11022,
      11022,
      10929,
      10453,
      10081,
      9432,
      11112,
      11118,
      11140,
      11037,
      11149,
      11169,
      10082,
      11428,
      11319,
      9480,
      11396,
      11399,
      10376,
      9713,
      10690,
      11772,
      11877,
      11554,
      9943,
      12002,
      10107,
      10743,
      10400,
      9944,
      10072,
      10952,
      10910,
      11152,
      10510,
      11212,
      10210,
      11045,
      10925,
      10578,
      10695,
      10450,
      10501,
      10525,
      10663,
      11150,
      10816,
      11523,
      10949,
      10516,
      10613
    ],
    "mlDataPoints": 1440540,
    "seedDataGenerated": 0
  },
  "seedDataSample": {
    "userCount": 6113,
    "assessmentCount": 9820,
    "aiInteractionCount": 36380
  },
  "timestamp": "2025-08-11T19:40:57.069Z"
}